{"acc": 0.8672875394727873, "loss": 0.11169517992881149, "_timestamp": 1717301940.5442965, "_runtime": 1.1767065525054932, "_step": 7, "_wandb": {"runtime": 0}}